tile_id,tile_name,instance_label,boundary_name,boundary_class,nucleus_name,boundary_area_px,local_centroid_x,local_centroid_y,wsi_centroid_x,wsi_centroid_y,nucleus_wsi_x,nucleus_wsi_y,stroma_overlap_px,stroma_overlap_fraction
human_compact_tile_001,Human compact tile 001,1,HCT001_ClearCellBoundary_001,GT Clear cell boundary,,1671.0,104.8,414.0,,,,,0.0,0.0000
human_compact_tile_001,Human compact tile 001,2,HCT001_ClearCellBoundary_002,GT Clear cell boundary,,843.0,31.0,423.8,,,,,0.0,0.0000
human_compact_tile_001,Human compact tile 001,3,HCT001_ClearCellBoundary_003,GT Clear cell boundary,,6062.0,77.9,470.0,,,,,0.0,0.0000
human_compact_tile_001,Human compact tile 001,4,HCT001_CompactCellBoundary_001,GT Compact cell boundary,,488.0,62.1,8.7,,,,,0.0,0.0000
human_compact_tile_001,Human compact tile 001,5,HCT001_CompactCellBoundary_002,GT Compact cell boundary,,447.0,84.1,19.0,,,,,0.0,0.0000
human_compact_tile_001,Human compact tile 001,6,HCT001_CompactCellBoundary_003,GT Compact cell boundary,,1330.0,265.7,30.1,,,,,0.0,0.0000
human_compact_tile_001,Human compact tile 001,7,HCT001_CompactCellBoundary_004,GT Compact cell boundary,,692.0,465.0,29.0,,,,,0.0,0.0000
human_compact_tile_001,Human compact tile 001,8,HCT001_CompactCellBoundary_005,GT Compact cell boundary,,1019.0,43.4,26.8,,,,,0.0,0.0000
human_compact_tile_001,Human compact tile 001,9,HCT001_CompactCellBoundary_006,GT Compact cell boundary,,1106.0,359.4,38.4,,,,,0.0,0.0000
human_compact_tile_001,Human compact tile 001,10,HCT001_CompactCellBoundary_007,GT Compact cell boundary,,516.0,176.8,37.7,,,,,0.0,0.0000
human_compact_tile_001,Human compact tile 001,11,HCT001_CompactCellBoundary_008,GT Compact cell boundary,,518.0,88.8,38.5,,,,,0.0,0.0000
human_compact_tile_001,Human compact tile 001,12,HCT001_CompactCellBoundary_009,GT Compact cell boundary,,621.0,480.8,45.7,,,,,0.0,0.0000
human_compact_tile_001,Human compact tile 001,13,HCT001_CompactCellBoundary_010,GT Compact cell boundary,,431.0,152.8,42.8,,,,,0.0,0.0000
human_compact_tile_001,Human compact tile 001,14,HCT001_CompactCellBoundary_011,GT Compact cell boundary,,1754.0,393.1,57.1,,,,,0.0,0.0000
human_compact_tile_001,Human compact tile 001,15,HCT001_CompactCellBoundary_012,GT Compact cell boundary,,642.0,253.0,53.5,,,,,0.0,0.0000
human_compact_tile_001,Human compact tile 001,16,HCT001_CompactCellBoundary_013,GT Compact cell boundary,,955.0,61.4,57.0,,,,,0.0,0.0000
human_compact_tile_001,Human compact tile 001,17,HCT001_CompactCellBoundary_014,GT Compact cell boundary,,947.0,321.4,61.8,,,,,0.0,0.0000
human_compact_tile_001,Human compact tile 001,18,HCT001_CompactCellBoundary_015,GT Compact cell boundary,,439.0,118.8,61.7,,,,,0.0,0.0000
human_compact_tile_001,Human compact tile 001,19,HCT001_CompactCellBoundary_016,GT Compact cell boundary,,1004.0,161.3,65.6,,,,,0.0,0.0000
human_compact_tile_001,Human compact tile 001,20,HCT001_CompactCellBoundary_017,GT Compact cell boundary,,555.0,230.8,67.6,,,,,0.0,0.0000
human_compact_tile_001,Human compact tile 001,21,HCT001_CompactCellBoundary_018,GT Compact cell boundary,,713.0,456.7,72.7,,,,,0.0,0.0000
human_compact_tile_001,Human compact tile 001,22,HCT001_CompactCellBoundary_019,GT Compact cell boundary,,700.0,350.0,69.4,,,,,0.0,0.0000
human_compact_tile_001,Human compact tile 001,23,HCT001_CompactCellBoundary_020,GT Compact cell boundary,,712.0,207.2,74.2,,,,,0.0,0.0000
human_compact_tile_001,Human compact tile 001,24,HCT001_CompactCellBoundary_021,GT Compact cell boundary,,982.0,380.3,85.9,,,,,0.0,0.0000
human_compact_tile_001,Human compact tile 001,25,HCT001_CompactCellBoundary_022,GT Compact cell boundary,,575.0,57.2,78.9,,,,,0.0,0.0000
human_compact_tile_001,Human compact tile 001,26,HCT001_CompactCellBoundary_023,GT Compact cell boundary,,435.0,190.0,86.9,,,,,0.0,0.0000
human_compact_tile_001,Human compact tile 001,27,HCT001_CompactCellBoundary_024,GT Compact cell boundary,,1791.0,157.9,100.6,,,,,0.0,0.0000
human_compact_tile_001,Human compact tile 001,28,HCT001_CompactCellBoundary_025,GT Compact cell boundary,,1332.0,336.2,89.1,,,,,0.0,0.0000
human_compact_tile_001,Human compact tile 001,29,HCT001_CompactCellBoundary_026,GT Compact cell boundary,,685.0,483.9,94.4,,,,,0.0,0.0000
human_compact_tile_001,Human compact tile 001,30,HCT001_CompactCellBoundary_027,GT Compact cell boundary,,1035.0,440.7,102.7,,,,,0.0,0.0000
human_compact_tile_001,Human compact tile 001,31,HCT001_CompactCellBoundary_028,GT Compact cell boundary,,404.0,124.3,98.8,,,,,0.0,0.0000
human_compact_tile_001,Human compact tile 001,32,HCT001_CompactCellBoundary_029,GT Compact cell boundary,,812.0,275.3,109.9,,,,,0.0,0.0000
human_compact_tile_001,Human compact tile 001,33,HCT001_CompactCellBoundary_030,GT Compact cell boundary,,536.0,111.4,114.4,,,,,0.0,0.0000
human_compact_tile_001,Human compact tile 001,34,HCT001_CompactCellBoundary_031,GT Compact cell boundary,,1155.0,464.1,120.6,,,,,0.0,0.0000
human_compact_tile_001,Human compact tile 001,35,HCT001_CompactCellBoundary_032,GT Compact cell boundary,,1053.0,301.8,130.8,,,,,0.0,0.0000
human_compact_tile_001,Human compact tile 001,36,HCT001_CompactCellBoundary_033,GT Compact cell boundary,,439.0,401.8,124.2,,,,,0.0,0.0000
human_compact_tile_001,Human compact tile 001,37,HCT001_CompactCellBoundary_034,GT Compact cell boundary,,1091.0,248.9,130.4,,,,,0.0,0.0000
human_compact_tile_001,Human compact tile 001,38,HCT001_CompactCellBoundary_035,GT Compact cell boundary,,1248.0,430.9,138.2,,,,,0.0,0.0000
human_compact_tile_001,Human compact tile 001,39,HCT001_CompactCellBoundary_036,GT Compact cell boundary,,1219.0,57.2,138.3,,,,,0.0,0.0000
human_compact_tile_001,Human compact tile 001,40,HCT001_CompactCellBoundary_037,GT Compact cell boundary,,655.0,372.6,145.4,,,,,0.0,0.0000
human_compact_tile_001,Human compact tile 001,41,HCT001_CompactCellBoundary_038,GT Compact cell boundary,,716.0,157.5,147.5,,,,,0.0,0.0000
human_compact_tile_001,Human compact tile 001,42,HCT001_CompactCellBoundary_039,GT Compact cell boundary,,505.0,318.8,145.5,,,,,0.0,0.0000
human_compact_tile_001,Human compact tile 001,43,HCT001_CompactCellBoundary_040,GT Compact cell boundary,,666.0,129.4,150.3,,,,,0.0,0.0000
human_compact_tile_001,Human compact tile 001,44,HCT001_CompactCellBoundary_041,GT Compact cell boundary,,449.0,92.9,153.1,,,,,0.0,0.0000
human_compact_tile_001,Human compact tile 001,45,HCT001_CompactCellBoundary_042,GT Compact cell boundary,,597.0,173.2,161.7,,,,,0.0,0.0000
human_compact_tile_001,Human compact tile 001,46,HCT001_CompactCellBoundary_043,GT Compact cell boundary,,518.0,343.1,159.9,,,,,0.0,0.0000
human_compact_tile_001,Human compact tile 001,47,HCT001_CompactCellBoundary_044,GT Compact cell boundary,,4087.0,376.0,201.6,,,,,0.0,0.0000
human_compact_tile_001,Human compact tile 001,48,HCT001_CompactCellBoundary_045,GT Compact cell boundary,,1298.0,312.5,169.6,,,,,0.0,0.0000
human_compact_tile_001,Human compact tile 001,49,HCT001_CompactCellBoundary_046,GT Compact cell boundary,,726.0,141.4,172.5,,,,,0.0,0.0000
human_compact_tile_001,Human compact tile 001,50,HCT001_CompactCellBoundary_047,GT Compact cell boundary,,820.0,399.5,175.7,,,,,0.0,0.0000
human_compact_tile_001,Human compact tile 001,51,HCT001_CompactCellBoundary_048,GT Compact cell boundary,,1026.0,36.9,180.5,,,,,0.0,0.0000
human_compact_tile_001,Human compact tile 001,52,HCT001_CompactCellBoundary_049,GT Compact cell boundary,,632.0,337.1,187.1,,,,,0.0,0.0000
human_compact_tile_001,Human compact tile 001,53,HCT001_CompactCellBoundary_050,GT Compact cell boundary,,885.0,234.5,190.8,,,,,0.0,0.0000
human_compact_tile_001,Human compact tile 001,54,HCT001_CompactCellBoundary_051,GT Compact cell boundary,,570.0,465.3,195.8,,,,,0.0,0.0000
human_compact_tile_001,Human compact tile 001,55,HCT001_CompactCellBoundary_052,GT Compact cell boundary,,803.0,190.8,209.1,,,,,0.0,0.0000
human_compact_tile_001,Human compact tile 001,56,HCT001_CompactCellBoundary_053,GT Compact cell boundary,,763.0,133.1,204.3,,,,,0.0,0.0000
human_compact_tile_001,Human compact tile 001,57,HCT001_CompactCellBoundary_054,GT Compact cell boundary,,782.0,300.9,201.9,,,,,0.0,0.0000
human_compact_tile_001,Human compact tile 001,58,HCT001_CompactCellBoundary_055,GT Compact cell boundary,,945.0,488.8,209.7,,,,,0.0,0.0000
human_compact_tile_001,Human compact tile 001,59,HCT001_CompactCellBoundary_056,GT Compact cell boundary,,1013.0,103.7,212.1,,,,,0.0,0.0000
human_compact_tile_001,Human compact tile 001,60,HCT001_CompactCellBoundary_057,GT Compact cell boundary,,880.0,428.1,212.1,,,,,0.0,0.0000
human_compact_tile_001,Human compact tile 001,61,HCT001_CompactCellBoundary_058,GT Compact cell boundary,,832.0,19.7,210.4,,,,,0.0,0.0000
human_compact_tile_001,Human compact tile 001,62,HCT001_CompactCellBoundary_059,GT Compact cell boundary,,952.0,243.7,219.1,,,,,0.0,0.0000
human_compact_tile_001,Human compact tile 001,63,HCT001_CompactCellBoundary_060,GT Compact cell boundary,,367.0,337.2,207.3,,,,,0.0,0.0000
human_compact_tile_001,Human compact tile 001,64,HCT001_CompactCellBoundary_061,GT Compact cell boundary,,1131.0,211.1,221.2,,,,,0.0,0.0000
human_compact_tile_001,Human compact tile 001,65,HCT001_CompactCellBoundary_062,GT Compact cell boundary,,877.0,273.6,217.2,,,,,0.0,0.0000
human_compact_tile_001,Human compact tile 001,66,HCT001_CompactCellBoundary_063,GT Compact cell boundary,,745.0,137.0,227.3,,,,,0.0,0.0000
human_compact_tile_001,Human compact tile 001,67,HCT001_CompactCellBoundary_064,GT Compact cell boundary,,1081.0,299.0,238.7,,,,,0.0,0.0000
human_compact_tile_001,Human compact tile 001,68,HCT001_CompactCellBoundary_065,GT Compact cell boundary,,833.0,327.8,230.4,,,,,0.0,0.0000
human_compact_tile_001,Human compact tile 001,69,HCT001_CompactCellBoundary_066,GT Compact cell boundary,,894.0,29.8,239.0,,,,,0.0,0.0000
human_compact_tile_001,Human compact tile 001,70,HCT001_CompactCellBoundary_067,GT Compact cell boundary,,1204.0,475.9,242.6,,,,,0.0,0.0000
human_compact_tile_001,Human compact tile 001,71,HCT001_CompactCellBoundary_068,GT Compact cell boundary,,611.0,396.9,243.6,,,,,0.0,0.0000
human_compact_tile_001,Human compact tile 001,72,HCT001_CompactCellBoundary_069,GT Compact cell boundary,,1655.0,417.6,253.7,,,,,0.0,0.0000
human_compact_tile_001,Human compact tile 001,73,HCT001_CompactCellBoundary_070,GT Compact cell boundary,,1204.0,270.8,261.2,,,,,0.0,0.0000
human_compact_tile_001,Human compact tile 001,74,HCT001_CompactCellBoundary_071,GT Compact cell boundary,,968.0,103.3,245.6,,,,,0.0,0.0000
human_compact_tile_001,Human compact tile 001,75,HCT001_CompactCellBoundary_072,GT Compact cell boundary,,2075.0,350.7,254.3,,,,,0.0,0.0000
human_compact_tile_001,Human compact tile 001,76,HCT001_CompactCellBoundary_073,GT Compact cell boundary,,978.0,212.4,252.6,,,,,0.0,0.0000
human_compact_tile_001,Human compact tile 001,77,HCT001_CompactCellBoundary_074,GT Compact cell boundary,,1028.0,247.9,249.8,,,,,0.0,0.0000
human_compact_tile_001,Human compact tile 001,78,HCT001_CompactCellBoundary_075,GT Compact cell boundary,,329.0,153.7,244.5,,,,,0.0,0.0000
human_compact_tile_001,Human compact tile 001,79,HCT001_CompactCellBoundary_076,GT Compact cell boundary,,955.0,122.8,264.6,,,,,0.0,0.0000
human_compact_tile_001,Human compact tile 001,80,HCT001_CompactCellBoundary_077,GT Compact cell boundary,,1320.0,173.1,260.8,,,,,0.0,0.0000
human_compact_tile_001,Human compact tile 001,81,HCT001_CompactCellBoundary_078,GT Compact cell boundary,,794.0,438.7,267.4,,,,,0.0,0.0000
human_compact_tile_001,Human compact tile 001,82,HCT001_CompactCellBoundary_079,GT Compact cell boundary,,377.0,25.5,263.1,,,,,0.0,0.0000
human_compact_tile_001,Human compact tile 001,83,HCT001_CompactCellBoundary_080,GT Compact cell boundary,,368.0,46.6,264.4,,,,,0.0,0.0000
human_compact_tile_001,Human compact tile 001,84,HCT001_CompactCellBoundary_081,GT Compact cell boundary,,905.0,301.2,271.2,,,,,0.0,0.0000
human_compact_tile_001,Human compact tile 001,85,HCT001_CompactCellBoundary_082,GT Compact cell boundary,,888.0,67.6,278.1,,,,,0.0,0.0000
human_compact_tile_001,Human compact tile 001,86,HCT001_CompactCellBoundary_083,GT Compact cell boundary,,706.0,333.9,279.4,,,,,0.0,0.0000
human_compact_tile_001,Human compact tile 001,87,HCT001_CompactCellBoundary_084,GT Compact cell boundary,,861.0,445.5,290.1,,,,,0.0,0.0000
human_compact_tile_001,Human compact tile 001,88,HCT001_CompactCellBoundary_085,GT Compact cell boundary,,601.0,168.2,289.2,,,,,0.0,0.0000
human_compact_tile_001,Human compact tile 001,89,HCT001_CompactCellBoundary_086,GT Compact cell boundary,,1168.0,259.1,293.4,,,,,0.0,0.0000
human_compact_tile_001,Human compact tile 001,90,HCT001_CompactCellBoundary_087,GT Compact cell boundary,,714.0,305.0,293.8,,,,,0.0,0.0000
human_compact_tile_001,Human compact tile 001,91,HCT001_CompactCellBoundary_088,GT Compact cell boundary,,1480.0,103.5,307.5,,,,,0.0,0.0000
human_compact_tile_001,Human compact tile 001,92,HCT001_CompactCellBoundary_089,GT Compact cell boundary,,1026.0,318.9,313.4,,,,,0.0,0.0000
human_compact_tile_001,Human compact tile 001,93,HCT001_CompactCellBoundary_090,GT Compact cell boundary,,1019.0,173.1,311.5,,,,,0.0,0.0000
human_compact_tile_001,Human compact tile 001,94,HCT001_CompactCellBoundary_091,GT Compact cell boundary,,460.0,71.7,310.2,,,,,0.0,0.0000
human_compact_tile_001,Human compact tile 001,95,HCT001_CompactCellBoundary_092,GT Compact cell boundary,,595.0,256.5,313.5,,,,,0.0,0.0000
human_compact_tile_001,Human compact tile 001,96,HCT001_CompactCellBoundary_093,GT Compact cell boundary,,497.0,444.3,311.9,,,,,0.0,0.0000
human_compact_tile_001,Human compact tile 001,97,HCT001_CompactCellBoundary_094,GT Compact cell boundary,,745.0,482.6,326.0,,,,,0.0,0.0000
human_compact_tile_001,Human compact tile 001,98,HCT001_CompactCellBoundary_095,GT Compact cell boundary,,849.0,431.3,348.7,,,,,0.0,0.0000
human_compact_tile_001,Human compact tile 001,99,HCT001_CompactCellBoundary_096,GT Compact cell boundary,,1211.0,313.0,354.2,,,,,0.0,0.0000
human_compact_tile_001,Human compact tile 001,100,HCT001_CompactCellBoundary_097,GT Compact cell boundary,,803.0,406.3,352.3,,,,,0.0,0.0000
human_compact_tile_001,Human compact tile 001,101,HCT001_CompactCellBoundary_098,GT Compact cell boundary,,1243.0,224.8,371.7,,,,,0.0,0.0000
human_compact_tile_001,Human compact tile 001,102,HCT001_CompactCellBoundary_099,GT Compact cell boundary,,833.0,487.9,366.6,,,,,0.0,0.0000
human_compact_tile_001,Human compact tile 001,103,HCT001_CompactCellBoundary_100,GT Compact cell boundary,,1230.0,377.9,376.6,,,,,0.0,0.0000
human_compact_tile_001,Human compact tile 001,104,HCT001_CompactCellBoundary_101,GT Compact cell boundary,,682.0,281.0,371.6,,,,,0.0,0.0000
human_compact_tile_001,Human compact tile 001,105,HCT001_CompactCellBoundary_102,GT Compact cell boundary,,563.0,418.6,380.4,,,,,0.0,0.0000
human_compact_tile_001,Human compact tile 001,106,HCT001_CompactCellBoundary_103,GT Compact cell boundary,,787.0,305.1,382.5,,,,,0.0,0.0000
human_compact_tile_001,Human compact tile 001,107,HCT001_CompactCellBoundary_104,GT Compact cell boundary,,658.0,131.0,392.6,,,,,0.0,0.0000
human_compact_tile_001,Human compact tile 001,108,HCT001_CompactCellBoundary_105,GT Compact cell boundary,,947.0,390.0,398.3,,,,,0.0,0.0000
human_compact_tile_001,Human compact tile 001,109,HCT001_CompactCellBoundary_106,GT Compact cell boundary,,417.0,458.2,392.6,,,,,0.0,0.0000
human_compact_tile_001,Human compact tile 001,110,HCT001_CompactCellBoundary_107,GT Compact cell boundary,,559.0,480.8,394.6,,,,,0.0,0.0000
human_compact_tile_001,Human compact tile 001,111,HCT001_CompactCellBoundary_108,GT Compact cell boundary,,1142.0,442.8,415.4,,,,,0.0,0.0000
human_compact_tile_001,Human compact tile 001,112,HCT001_CompactCellBoundary_109,GT Compact cell boundary,,928.0,413.7,411.6,,,,,0.0,0.0000
human_compact_tile_001,Human compact tile 001,113,HCT001_CompactCellBoundary_110,GT Compact cell boundary,,523.0,352.1,407.5,,,,,0.0,0.0000
human_compact_tile_001,Human compact tile 001,114,HCT001_CompactCellBoundary_111,GT Compact cell boundary,,436.0,307.7,420.4,,,,,0.0,0.0000
human_compact_tile_001,Human compact tile 001,115,HCT001_CompactCellBoundary_112,GT Compact cell boundary,,792.0,371.2,425.3,,,,,0.0,0.0000
human_compact_tile_001,Human compact tile 001,116,HCT001_CompactCellBoundary_113,GT Compact cell boundary,,360.0,288.0,422.1,,,,,0.0,0.0000
human_compact_tile_001,Human compact tile 001,117,HCT001_CompactCellBoundary_114,GT Compact cell boundary,,661.0,483.2,433.1,,,,,0.0,0.0000
human_compact_tile_001,Human compact tile 001,118,HCT001_CompactCellBoundary_115,GT Compact cell boundary,,859.0,168.5,432.6,,,,,0.0,0.0000
human_compact_tile_001,Human compact tile 001,119,HCT001_CompactCellBoundary_116,GT Compact cell boundary,,1295.0,324.6,439.8,,,,,0.0,0.0000
human_compact_tile_001,Human compact tile 001,120,HCT001_CompactCellBoundary_117,GT Compact cell boundary,,951.0,142.3,441.1,,,,,0.0,0.0000
human_compact_tile_001,Human compact tile 001,121,HCT001_CompactCellBoundary_118,GT Compact cell boundary,,683.0,429.8,445.5,,,,,0.0,0.0000
human_compact_tile_001,Human compact tile 001,122,HCT001_CompactCellBoundary_119,GT Compact cell boundary,,621.0,352.7,440.9,,,,,0.0,0.0000
human_compact_tile_001,Human compact tile 001,123,HCT001_CompactCellBoundary_120,GT Compact cell boundary,,1344.0,404.6,451.7,,,,,0.0,0.0000
human_compact_tile_001,Human compact tile 001,124,HCT001_CompactCellBoundary_121,GT Compact cell boundary,,626.0,187.7,448.5,,,,,0.0,0.0000
human_compact_tile_001,Human compact tile 001,125,HCT001_CompactCellBoundary_122,GT Compact cell boundary,,453.0,278.7,446.0,,,,,0.0,0.0000
human_compact_tile_001,Human compact tile 001,126,HCT001_CompactCellBoundary_123,GT Compact cell boundary,,411.0,380.1,452.4,,,,,0.0,0.0000
human_compact_tile_001,Human compact tile 001,127,HCT001_CompactCellBoundary_124,GT Compact cell boundary,,802.0,298.3,458.4,,,,,0.0,0.0000
human_compact_tile_001,Human compact tile 001,128,HCT001_CompactCellBoundary_125,GT Compact cell boundary,,456.0,359.5,459.8,,,,,0.0,0.0000
human_compact_tile_001,Human compact tile 001,129,HCT001_CompactCellBoundary_126,GT Compact cell boundary,,910.0,278.8,479.9,,,,,0.0,0.0000
human_compact_tile_001,Human compact tile 001,130,HCT001_CompactCellBoundary_127,GT Compact cell boundary,,577.0,365.7,478.1,,,,,0.0,0.0000
human_compact_tile_001,Human compact tile 001,131,HCT001_CompactCellBoundary_128,GT Compact cell boundary,,1202.0,469.4,487.9,,,,,0.0,0.0000
human_compact_tile_002,Human compact tile 002,1,HCT002_CompactCellBoundary_001,GT Compact cell boundary,,1142.0,459.1,33.2,,,,,0.0,0.0000
human_compact_tile_002,Human compact tile 002,2,HCT002_CompactCellBoundary_002,GT Compact cell boundary,,719.0,306.5,64.4,,,,,0.0,0.0000
human_compact_tile_002,Human compact tile 002,3,HCT002_CompactCellBoundary_003,GT Compact cell boundary,,1280.0,472.7,77.9,,,,,0.0,0.0000
human_compact_tile_002,Human compact tile 002,4,HCT002_CompactCellBoundary_004,GT Compact cell boundary,,713.0,402.7,74.6,,,,,0.0,0.0000
human_compact_tile_002,Human compact tile 002,5,HCT002_CompactCellBoundary_005,GT Compact cell boundary,,692.0,258.0,75.5,,,,,0.0,0.0000
human_compact_tile_002,Human compact tile 002,6,HCT002_CompactCellBoundary_006,GT Compact cell boundary,,558.0,376.1,72.1,,,,,0.0,0.0000
human_compact_tile_002,Human compact tile 002,7,HCT002_CompactCellBoundary_007,GT Compact cell boundary,,408.0,330.1,74.1,,,,,0.0,0.0000
human_compact_tile_002,Human compact tile 002,8,HCT002_CompactCellBoundary_008,GT Compact cell boundary,,536.0,282.5,86.8,,,,,0.0,0.0000
human_compact_tile_002,Human compact tile 002,9,HCT002_CompactCellBoundary_009,GT Compact cell boundary,,516.0,307.6,88.8,,,,,0.0,0.0000
human_compact_tile_002,Human compact tile 002,10,HCT002_CompactCellBoundary_010,GT Compact cell boundary,,1241.0,441.2,104.0,,,,,0.0,0.0000
human_compact_tile_002,Human compact tile 002,11,HCT002_CompactCellBoundary_011,GT Compact cell boundary,,607.0,354.4,95.3,,,,,0.0,0.0000
human_compact_tile_002,Human compact tile 002,12,HCT002_CompactCellBoundary_012,GT Compact cell boundary,,304.0,379.0,97.0,,,,,0.0,0.0000
human_compact_tile_002,Human compact tile 002,13,HCT002_CompactCellBoundary_013,GT Compact cell boundary,,748.0,413.1,106.0,,,,,0.0,0.0000
human_compact_tile_002,Human compact tile 002,14,HCT002_CompactCellBoundary_014,GT Compact cell boundary,,455.0,399.8,128.4,,,,,0.0,0.0000
human_compact_tile_002,Human compact tile 002,15,HCT002_CompactCellBoundary_015,GT Compact cell boundary,,1409.0,443.4,147.9,,,,,0.0,0.0000
human_compact_tile_002,Human compact tile 002,16,HCT002_CompactCellBoundary_016,GT Compact cell boundary,,480.0,411.8,143.9,,,,,0.0,0.0000
human_compact_tile_002,Human compact tile 002,17,HCT002_CompactCellBoundary_017,GT Compact cell boundary,,909.0,479.1,170.0,,,,,0.0,0.0000
human_compact_tile_002,Human compact tile 002,18,HCT002_CompactCellBoundary_018,GT Compact cell boundary,,753.0,400.3,172.8,,,,,0.0,0.0000
human_compact_tile_002,Human compact tile 002,19,HCT002_CompactCellBoundary_019,GT Compact cell boundary,,471.0,419.3,178.0,,,,,0.0,0.0000
human_compact_tile_002,Human compact tile 002,20,HCT002_CompactCellBoundary_020,GT Compact cell boundary,,978.0,443.7,182.8,,,,,0.0,0.0000
human_compact_tile_002,Human compact tile 002,21,HCT002_CompactCellBoundary_021,GT Compact cell boundary,,1151.0,443.1,220.1,,,,,0.0,0.0000
human_compact_tile_002,Human compact tile 002,22,HCT002_CompactCellBoundary_022,GT Compact cell boundary,,1260.0,427.4,271.9,,,,,0.0,0.0000
human_compact_tile_002,Human compact tile 002,23,HCT002_CompactCellBoundary_023,GT Compact cell boundary,,572.0,391.6,287.7,,,,,0.0,0.0000
human_compact_tile_002,Human compact tile 002,24,HCT002_CompactCellBoundary_024,GT Compact cell boundary,,590.0,400.3,308.1,,,,,0.0,0.0000
human_compact_tile_002,Human compact tile 002,25,HCT002_CompactCellBoundary_025,GT Compact cell boundary,,312.0,424.4,303.1,,,,,0.0,0.0000
human_compact_tile_002,Human compact tile 002,26,HCT002_CompactCellBoundary_026,GT Compact cell boundary,,530.0,373.3,311.9,,,,,0.0,0.0000
human_compact_tile_002,Human compact tile 002,27,HCT002_CompactCellBoundary_027,GT Compact cell boundary,,1199.0,342.8,319.6,,,,,0.0,0.0000
human_compact_tile_002,Human compact tile 002,28,HCT002_CompactCellBoundary_028,GT Compact cell boundary,,341.0,309.1,315.7,,,,,0.0,0.0000
human_compact_tile_002,Human compact tile 002,29,HCT002_CompactCellBoundary_029,GT Compact cell boundary,,320.0,414.5,320.0,,,,,0.0,0.0000
human_compact_tile_002,Human compact tile 002,30,HCT002_CompactCellBoundary_030,GT Compact cell boundary,,695.0,425.1,338.0,,,,,0.0,0.0000
human_compact_tile_002,Human compact tile 002,31,HCT002_CompactCellBoundary_031,GT Compact cell boundary,,688.0,307.5,334.5,,,,,0.0,0.0000
human_compact_tile_002,Human compact tile 002,32,HCT002_CompactCellBoundary_032,GT Compact cell boundary,,765.0,367.5,337.5,,,,,0.0,0.0000
human_compact_tile_002,Human compact tile 002,33,HCT002_CompactCellBoundary_033,GT Compact cell boundary,,734.0,405.0,348.9,,,,,0.0,0.0000
human_compact_tile_002,Human compact tile 002,34,HCT002_CompactCellBoundary_034,GT Compact cell boundary,,627.0,377.9,358.4,,,,,0.0,0.0000
human_compact_tile_002,Human compact tile 002,35,HCT002_CompactCellBoundary_035,GT Compact cell boundary,,656.0,353.8,365.1,,,,,0.0,0.0000
human_compact_tile_002,Human compact tile 002,36,HCT002_CompactCellBoundary_036,GT Compact cell boundary,,302.0,394.2,367.6,,,,,0.0,0.0000
human_compact_tile_002,Human compact tile 002,37,HCT002_CompactCellBoundary_037,GT Compact cell boundary,,748.0,302.6,377.4,,,,,0.0,0.0000
human_compact_tile_002,Human compact tile 002,38,HCT002_CompactCellBoundary_038,GT Compact cell boundary,,588.0,222.5,377.4,,,,,0.0,0.0000
human_compact_tile_002,Human compact tile 002,39,HCT002_CompactCellBoundary_039,GT Compact cell boundary,,740.0,400.5,391.0,,,,,0.0,0.0000
human_compact_tile_002,Human compact tile 002,40,HCT002_CompactCellBoundary_040,GT Compact cell boundary,,408.0,202.1,390.9,,,,,0.0,0.0000
human_compact_tile_002,Human compact tile 002,41,HCT002_CompactCellBoundary_041,GT Compact cell boundary,,854.0,345.8,408.3,,,,,0.0,0.0000
human_compact_tile_002,Human compact tile 002,42,HCT002_CompactCellBoundary_042,GT Compact cell boundary,,886.0,378.0,406.8,,,,,0.0,0.0000
human_compact_tile_002,Human compact tile 002,43,HCT002_CompactCellBoundary_043,GT Compact cell boundary,,608.0,290.5,410.5,,,,,0.0,0.0000
human_compact_tile_002,Human compact tile 002,44,HCT002_CompactCellBoundary_044,GT Compact cell boundary,,493.0,258.5,424.4,,,,,0.0,0.0000
human_compact_tile_002,Human compact tile 002,45,HCT002_CompactCellBoundary_045,GT Compact cell boundary,,815.0,361.7,434.4,,,,,0.0,0.0000
human_compact_tile_002,Human compact tile 002,46,HCT002_CompactCellBoundary_046,GT Compact cell boundary,,767.0,306.4,429.7,,,,,0.0,0.0000
human_compact_tile_002,Human compact tile 002,47,HCT002_CompactCellBoundary_047,GT Compact cell boundary,,829.0,416.1,445.0,,,,,0.0,0.0000
human_compact_tile_002,Human compact tile 002,48,HCT002_CompactCellBoundary_048,GT Compact cell boundary,,351.0,247.4,443.4,,,,,0.0,0.0000
human_compact_tile_002,Human compact tile 002,49,HCT002_CompactCellBoundary_049,GT Compact cell boundary,,431.0,328.7,444.2,,,,,0.0,0.0000
human_compact_tile_002,Human compact tile 002,50,HCT002_CompactCellBoundary_050,GT Compact cell boundary,,728.0,478.3,455.0,,,,,0.0,0.0000
human_compact_tile_002,Human compact tile 002,51,HCT002_CompactCellBoundary_051,GT Compact cell boundary,,730.0,280.5,459.6,,,,,0.0,0.0000
human_compact_tile_002,Human compact tile 002,52,HCT002_CompactCellBoundary_052,GT Compact cell boundary,,475.0,248.2,467.4,,,,,0.0,0.0000
human_compact_tile_002,Human compact tile 002,53,HCT002_CompactCellBoundary_053,GT Compact cell boundary,,849.0,413.2,475.7,,,,,0.0,0.0000
human_compact_tile_002,Human compact tile 002,54,HCT002_CompactCellBoundary_054,GT Compact cell boundary,,419.0,439.1,479.6,,,,,0.0,0.0000
human_compact_tile_002,Human compact tile 002,55,HCT002_CompactCellBoundary_055,GT Compact cell boundary,,804.0,460.1,479.6,,,,,0.0,0.0000
human_compact_tile_002,Human compact tile 002,56,HCT002_CompactCellBoundary_056,GT Compact cell boundary,,375.0,501.5,480.3,,,,,0.0,0.0000
human_compact_tile_002,Human compact tile 002,57,HCT002_CompactCellBoundary_057,GT Compact cell boundary,,636.0,287.3,486.8,,,,,0.0,0.0000
human_compact_tile_002,Human compact tile 002,58,HCT002_CompactCellBoundary_058,GT Compact cell boundary,,454.0,261.1,488.8,,,,,0.0,0.0000
human_compact_tile_003,Human compact tile 003,1,HCT003_CompactCellBoundary_001,GT Compact cell boundary,,656.0,40.4,10.7,,,,,0.0,0.0000
human_compact_tile_003,Human compact tile 003,2,HCT003_CompactCellBoundary_002,GT Compact cell boundary,,1784.0,89.4,22.0,,,,,0.0,0.0000
human_compact_tile_003,Human compact tile 003,3,HCT003_CompactCellBoundary_003,GT Compact cell boundary,,6195.0,189.9,74.8,,,,,0.0,0.0000
human_compact_tile_003,Human compact tile 003,4,HCT003_CompactCellBoundary_004,GT Compact cell boundary,,2215.0,399.6,84.9,,,,,0.0,0.0000
human_compact_tile_003,Human compact tile 003,5,HCT003_CompactCellBoundary_005,GT Compact cell boundary,,2178.0,108.7,100.4,,,,,0.0,0.0000
human_compact_tile_003,Human compact tile 003,6,HCT003_CompactCellBoundary_006,GT Compact cell boundary,,1313.0,338.7,114.3,,,,,0.0,0.0000
human_compact_tile_003,Human compact tile 003,7,HCT003_CompactCellBoundary_007,GT Compact cell boundary,,2240.0,198.4,136.4,,,,,0.0,0.0000
human_compact_tile_003,Human compact tile 003,8,HCT003_CompactCellBoundary_008,GT Compact cell boundary,,979.0,368.6,120.6,,,,,0.0,0.0000
human_compact_tile_003,Human compact tile 003,9,HCT003_CompactCellBoundary_009,GT Compact cell boundary,,2518.0,278.2,154.2,,,,,0.0,0.0000
human_compact_tile_003,Human compact tile 003,10,HCT003_CompactCellBoundary_010,GT Compact cell boundary,,526.0,453.1,203.2,,,,,0.0,0.0000
human_compact_tile_003,Human compact tile 003,11,HCT003_CompactCellBoundary_011,GT Compact cell boundary,,577.0,475.3,224.4,,,,,0.0,0.0000
human_compact_tile_003,Human compact tile 003,12,HCT003_CompactCellBoundary_012,GT Compact cell boundary,,1408.0,430.5,235.8,,,,,0.0,0.0000
human_compact_tile_003,Human compact tile 003,13,HCT003_CompactCellBoundary_013,GT Compact cell boundary,,750.0,376.3,233.2,,,,,0.0,0.0000
human_compact_tile_003,Human compact tile 003,14,HCT003_CompactCellBoundary_014,GT Compact cell boundary,,3299.0,203.0,270.0,,,,,0.0,0.0000
human_compact_tile_003,Human compact tile 003,15,HCT003_CompactCellBoundary_015,GT Compact cell boundary,,2532.0,403.1,289.2,,,,,0.0,0.0000
human_compact_tile_003,Human compact tile 003,16,HCT003_CompactCellBoundary_016,GT Compact cell boundary,,1687.0,421.7,391.6,,,,,0.0,0.0000
human_compact_tile_003,Human compact tile 003,17,HCT003_CompactCellBoundary_017,GT Compact cell boundary,,2285.0,381.2,427.3,,,,,0.0,0.0000
human_compact_tile_004,Human compact tile 004,1,HCT004_CompactCellBoundary_001,GT Compact cell boundary,,3261.0,140.6,21.5,,,,,0.0,0.0000
human_compact_tile_004,Human compact tile 004,2,HCT004_CompactCellBoundary_002,GT Compact cell boundary,,1965.0,345.2,272.0,,,,,0.0,0.0000
human_compact_tile_004,Human compact tile 004,3,HCT004_CompactCellBoundary_003,GT Compact cell boundary,,1446.0,300.4,295.8,,,,,0.0,0.0000
human_compact_tile_004,Human compact tile 004,4,HCT004_CompactCellBoundary_004,GT Compact cell boundary,,897.0,425.9,357.8,,,,,0.0,0.0000
human_compact_tile_004,Human compact tile 004,5,HCT004_CompactCellBoundary_005,GT Compact cell boundary,,353.0,433.4,381.0,,,,,0.0,0.0000
human_compact_tile_004,Human compact tile 004,6,HCT004_CompactCellBoundary_006,GT Compact cell boundary,,1211.0,426.0,434.5,,,,,0.0,0.0000
human_compact_tile_005,Human compact tile 005,1,HCT005_CompactCellBoundary_001,GT Compact cell boundary,,1418.0,291.7,23.2,,,,,0.0,0.0000
human_compact_tile_005,Human compact tile 005,2,HCT005_CompactCellBoundary_002,GT Compact cell boundary,,736.0,240.0,23.1,,,,,0.0,0.0000
human_compact_tile_005,Human compact tile 005,3,HCT005_CompactCellBoundary_003,GT Compact cell boundary,,698.0,277.5,39.3,,,,,0.0,0.0000
human_compact_tile_005,Human compact tile 005,4,HCT005_CompactCellBoundary_004,GT Compact cell boundary,,598.0,379.6,43.4,,,,,0.0,0.0000
human_compact_tile_005,Human compact tile 005,5,HCT005_CompactCellBoundary_005,GT Compact cell boundary,,409.0,429.0,40.7,,,,,0.0,0.0000
human_compact_tile_005,Human compact tile 005,6,HCT005_CompactCellBoundary_006,GT Compact cell boundary,,403.0,413.7,52.2,,,,,0.0,0.0000
human_compact_tile_005,Human compact tile 005,7,HCT005_CompactCellBoundary_007,GT Compact cell boundary,,1025.0,320.2,59.4,,,,,0.0,0.0000
human_compact_tile_005,Human compact tile 005,8,HCT005_CompactCellBoundary_008,GT Compact cell boundary,,700.0,373.5,73.5,,,,,0.0,0.0000
human_compact_tile_005,Human compact tile 005,9,HCT005_CompactCellBoundary_009,GT Compact cell boundary,,929.0,349.0,77.2,,,,,0.0,0.0000
human_compact_tile_005,Human compact tile 005,10,HCT005_CompactCellBoundary_010,GT Compact cell boundary,,507.0,393.7,67.4,,,,,0.0,0.0000
human_compact_tile_005,Human compact tile 005,11,HCT005_CompactCellBoundary_011,GT Compact cell boundary,,822.0,297.2,79.5,,,,,0.0,0.0000
human_compact_tile_005,Human compact tile 005,12,HCT005_CompactCellBoundary_012,GT Compact cell boundary,,807.0,471.8,86.3,,,,,0.0,0.0000
human_compact_tile_005,Human compact tile 005,13,HCT005_CompactCellBoundary_013,GT Compact cell boundary,,1364.0,419.0,95.0,,,,,0.0,0.0000
human_compact_tile_005,Human compact tile 005,14,HCT005_CompactCellBoundary_014,GT Compact cell boundary,,1308.0,326.6,104.5,,,,,0.0,0.0000
human_compact_tile_005,Human compact tile 005,15,HCT005_CompactCellBoundary_015,GT Compact cell boundary,,511.0,268.9,91.9,,,,,0.0,0.0000
human_compact_tile_005,Human compact tile 005,16,HCT005_CompactCellBoundary_016,GT Compact cell boundary,,636.0,288.7,111.5,,,,,0.0,0.0000
human_compact_tile_005,Human compact tile 005,17,HCT005_CompactCellBoundary_017,GT Compact cell boundary,,372.0,350.7,112.2,,,,,0.0,0.0000
human_compact_tile_005,Human compact tile 005,18,HCT005_CompactCellBoundary_018,GT Compact cell boundary,,1461.0,300.4,136.6,,,,,0.0,0.0000
human_compact_tile_005,Human compact tile 005,19,HCT005_CompactCellBoundary_019,GT Compact cell boundary,,960.0,339.8,142.3,,,,,0.0,0.0000
human_compact_tile_005,Human compact tile 005,20,HCT005_CompactCellBoundary_020,GT Compact cell boundary,,578.0,465.8,164.8,,,,,0.0,0.0000
human_compact_tile_005,Human compact tile 005,21,HCT005_CompactCellBoundary_021,GT Compact cell boundary,,961.0,382.0,168.0,,,,,0.0,0.0000
human_compact_tile_005,Human compact tile 005,22,HCT005_CompactCellBoundary_022,GT Compact cell boundary,,611.0,297.5,167.3,,,,,0.0,0.0000
human_compact_tile_005,Human compact tile 005,23,HCT005_CompactCellBoundary_023,GT Compact cell boundary,,681.0,346.9,165.6,,,,,0.0,0.0000
human_compact_tile_005,Human compact tile 005,24,HCT005_CompactCellBoundary_024,GT Compact cell boundary,,2623.0,326.8,192.8,,,,,0.0,0.0000
human_compact_tile_005,Human compact tile 005,25,HCT005_CompactCellBoundary_025,GT Compact cell boundary,,317.0,400.4,180.7,,,,,0.0,0.0000
human_compact_tile_005,Human compact tile 005,26,HCT005_CompactCellBoundary_026,GT Compact cell boundary,,613.0,446.7,187.0,,,,,0.0,0.0000
human_compact_tile_005,Human compact tile 005,27,HCT005_CompactCellBoundary_027,GT Compact cell boundary,,377.0,419.7,191.4,,,,,0.0,0.0000
human_compact_tile_005,Human compact tile 005,28,HCT005_CompactCellBoundary_028,GT Compact cell boundary,,1337.0,396.9,210.6,,,,,0.0,0.0000
human_compact_tile_005,Human compact tile 005,29,HCT005_CompactCellBoundary_029,GT Compact cell boundary,,1055.0,357.8,210.0,,,,,0.0,0.0000
human_compact_tile_005,Human compact tile 005,30,HCT005_CompactCellBoundary_030,GT Compact cell boundary,,426.0,382.5,233.6,,,,,0.0,0.0000
human_compact_tile_005,Human compact tile 005,31,HCT005_CompactCellBoundary_031,GT Compact cell boundary,,1143.0,368.8,249.4,,,,,0.0,0.0000
human_compact_tile_005,Human compact tile 005,32,HCT005_CompactCellBoundary_032,GT Compact cell boundary,,369.0,401.5,250.6,,,,,0.0,0.0000
human_compact_tile_005,Human compact tile 005,33,HCT005_CompactCellBoundary_033,GT Compact cell boundary,,2394.0,438.9,288.5,,,,,0.0,0.0000
human_compact_tile_005,Human compact tile 005,34,HCT005_CompactCellBoundary_034,GT Compact cell boundary,,1499.0,367.8,282.7,,,,,0.0,0.0000
human_compact_tile_005,Human compact tile 005,35,HCT005_CompactCellBoundary_035,GT Compact cell boundary,,642.0,336.1,303.5,,,,,0.0,0.0000
human_compact_tile_006,Human compact tile 006,1,HCT006_ClearCellBoundary_001,GT Clear cell boundary,,5628.0,113.5,61.5,,,,,0.0,0.0000
human_compact_tile_006,Human compact tile 006,2,HCT006_ClearCellBoundary_002,GT Clear cell boundary,,1106.0,428.3,42.7,,,,,0.0,0.0000
human_compact_tile_006,Human compact tile 006,3,HCT006_ClearCellBoundary_003,GT Clear cell boundary,,2148.0,386.2,59.0,,,,,0.0,0.0000
human_compact_tile_006,Human compact tile 006,4,HCT006_ClearCellBoundary_004,GT Clear cell boundary,,1418.0,219.4,122.5,,,,,0.0,0.0000
human_compact_tile_006,Human compact tile 006,5,HCT006_ClearCellBoundary_005,GT Clear cell boundary,,1453.0,250.5,131.9,,,,,0.0,0.0000
human_compact_tile_006,Human compact tile 006,6,HCT006_ClearCellBoundary_006,GT Clear cell boundary,,1421.0,275.4,144.6,,,,,0.0,0.0000
human_compact_tile_006,Human compact tile 006,7,HCT006_ClearCellBoundary_007,GT Clear cell boundary,,3321.0,202.5,168.9,,,,,0.0,0.0000
human_compact_tile_006,Human compact tile 006,8,HCT006_ClearCellBoundary_008,GT Clear cell boundary,,1668.0,354.3,173.2,,,,,0.0,0.0000
human_compact_tile_006,Human compact tile 006,9,HCT006_ClearCellBoundary_009,GT Clear cell boundary,,3287.0,412.9,201.8,,,,,0.0,0.0000
human_compact_tile_006,Human compact tile 006,10,HCT006_ClearCellBoundary_010,GT Clear cell boundary,,1335.0,59.0,186.5,,,,,0.0,0.0000
human_compact_tile_006,Human compact tile 006,11,HCT006_ClearCellBoundary_011,GT Clear cell boundary,,2079.0,480.0,209.1,,,,,0.0,0.0000
human_compact_tile_006,Human compact tile 006,12,HCT006_ClearCellBoundary_012,GT Clear cell boundary,,1819.0,373.3,218.5,,,,,0.0,0.0000
human_compact_tile_006,Human compact tile 006,13,HCT006_ClearCellBoundary_013,GT Clear cell boundary,,1848.0,480.2,241.5,,,,,0.0,0.0000
human_compact_tile_006,Human compact tile 006,14,HCT006_ClearCellBoundary_014,GT Clear cell boundary,,1378.0,419.3,243.4,,,,,0.0,0.0000
human_compact_tile_006,Human compact tile 006,15,HCT006_ClearCellBoundary_015,GT Clear cell boundary,,4202.0,355.4,271.5,,,,,0.0,0.0000
human_compact_tile_006,Human compact tile 006,16,HCT006_ClearCellBoundary_016,GT Clear cell boundary,,540.0,216.5,260.5,,,,,0.0,0.0000
human_compact_tile_006,Human compact tile 006,17,HCT006_ClearCellBoundary_017,GT Clear cell boundary,,1382.0,174.4,272.7,,,,,0.0,0.0000
human_compact_tile_006,Human compact tile 006,18,HCT006_ClearCellBoundary_018,GT Clear cell boundary,,2431.0,426.0,291.7,,,,,0.0,0.0000
human_compact_tile_006,Human compact tile 006,19,HCT006_ClearCellBoundary_019,GT Clear cell boundary,,1851.0,463.3,283.4,,,,,0.0,0.0000
human_compact_tile_006,Human compact tile 006,20,HCT006_ClearCellBoundary_020,GT Clear cell boundary,,1805.0,494.6,283.4,,,,,0.0,0.0000
human_compact_tile_006,Human compact tile 006,21,HCT006_ClearCellBoundary_021,GT Clear cell boundary,,830.0,210.5,281.7,,,,,0.0,0.0000
human_compact_tile_006,Human compact tile 006,22,HCT006_ClearCellBoundary_022,GT Clear cell boundary,,688.0,232.4,290.9,,,,,0.0,0.0000
human_compact_tile_006,Human compact tile 006,23,HCT006_ClearCellBoundary_023,GT Clear cell boundary,,884.0,392.4,288.2,,,,,0.0,0.0000
human_compact_tile_006,Human compact tile 006,24,HCT006_CompactCellBoundary_001,GT Compact cell boundary,,2581.0,119.8,302.7,,,,,0.0,0.0000
human_compact_tile_006,Human compact tile 006,25,HCT006_CompactCellBoundary_002,GT Compact cell boundary,,1459.0,171.5,307.5,,,,,0.0,0.0000
human_compact_tile_006,Human compact tile 006,26,HCT006_ClearCellBoundary_024,GT Clear cell boundary,,787.0,213.0,309.5,,,,,0.0,0.0000
human_compact_tile_006,Human compact tile 006,27,HCT006_ClearCellBoundary_025,GT Clear cell boundary,,1069.0,366.2,313.5,,,,,0.0,0.0000
human_compact_tile_006,Human compact tile 006,28,HCT006_ClearCellBoundary_026,GT Clear cell boundary,,4292.0,462.2,339.4,,,,,0.0,0.0000
human_compact_tile_006,Human compact tile 006,29,HCT006_CompactCellBoundary_003,GT Compact cell boundary,,867.0,90.8,324.8,,,,,0.0,0.0000
human_compact_tile_006,Human compact tile 006,30,HCT006_ClearCellBoundary_027,GT Clear cell boundary,,1537.0,395.6,333.9,,,,,0.0,0.0000
human_compact_tile_006,Human compact tile 006,31,HCT006_CompactCellBoundary_004,GT Compact cell boundary,,574.0,187.6,330.9,,,,,0.0,0.0000
human_compact_tile_006,Human compact tile 006,32,HCT006_ClearCellBoundary_028,GT Clear cell boundary,,1754.0,210.3,348.4,,,,,0.0,0.0000
human_compact_tile_006,Human compact tile 006,33,HCT006_CompactCellBoundary_005,GT Compact cell boundary,,1856.0,132.3,361.8,,,,,0.0,0.0000
human_compact_tile_006,Human compact tile 006,34,HCT006_CompactCellBoundary_006,GT Compact cell boundary,,987.0,119.0,344.1,,,,,0.0,0.0000
human_compact_tile_006,Human compact tile 006,35,HCT006_CompactCellBoundary_007,GT Compact cell boundary,,807.0,170.7,349.3,,,,,0.0,0.0000
human_compact_tile_006,Human compact tile 006,36,HCT006_ClearCellBoundary_029,GT Clear cell boundary,,1653.0,79.7,366.3,,,,,0.0,0.0000
human_compact_tile_006,Human compact tile 006,37,HCT006_ClearCellBoundary_030,GT Clear cell boundary,,3188.0,319.3,369.0,,,,,0.0,0.0000
human_compact_tile_006,Human compact tile 006,38,HCT006_ClearCellBoundary_031,GT Clear cell boundary,,2754.0,255.3,385.1,,,,,0.0,0.0000
human_compact_tile_006,Human compact tile 006,39,HCT006_ClearCellBoundary_032,GT Clear cell boundary,,8319.0,458.0,428.5,,,,,0.0,0.0000
human_compact_tile_006,Human compact tile 006,40,HCT006_CompactCellBoundary_008,GT Compact cell boundary,,675.0,163.5,373.5,,,,,0.0,0.0000
human_compact_tile_006,Human compact tile 006,41,HCT006_ClearCellBoundary_033,GT Clear cell boundary,,2146.0,365.1,392.3,,,,,0.0,0.0000
human_compact_tile_006,Human compact tile 006,42,HCT006_ClearCellBoundary_034,GT Clear cell boundary,,1618.0,489.1,386.4,,,,,0.0,0.0000
human_compact_tile_006,Human compact tile 006,43,HCT006_ClearCellBoundary_035,GT Clear cell boundary,,1713.0,208.3,390.1,,,,,0.0,0.0000
human_compact_tile_006,Human compact tile 006,44,HCT006_ClearCellBoundary_036,GT Clear cell boundary,,1167.0,291.3,391.5,,,,,0.0,0.0000
human_compact_tile_006,Human compact tile 006,45,HCT006_CompactCellBoundary_009,GT Compact cell boundary,,417.0,178.1,389.2,,,,,0.0,0.0000
human_compact_tile_006,Human compact tile 006,46,HCT006_ClearCellBoundary_037,GT Clear cell boundary,,1791.0,105.3,398.3,,,,,0.0,0.0000
human_compact_tile_006,Human compact tile 006,47,HCT006_ClearCellBoundary_038,GT Clear cell boundary,,3849.0,395.0,424.6,,,,,0.0,0.0000
human_compact_tile_006,Human compact tile 006,48,HCT006_CompactCellBoundary_010,GT Compact cell boundary,,1468.0,151.8,403.8,,,,,0.0,0.0000
human_compact_tile_006,Human compact tile 006,49,HCT006_ClearCellBoundary_039,GT Clear cell boundary,,1611.0,292.9,424.4,,,,,0.0,0.0000
human_compact_tile_006,Human compact tile 006,50,HCT006_ClearCellBoundary_040,GT Clear cell boundary,,2268.0,320.6,440.8,,,,,0.0,0.0000
human_compact_tile_006,Human compact tile 006,51,HCT006_ClearCellBoundary_041,GT Clear cell boundary,,1783.0,230.4,428.9,,,,,0.0,0.0000
human_compact_tile_006,Human compact tile 006,52,HCT006_ClearCellBoundary_042,GT Clear cell boundary,,1123.0,192.8,425.3,,,,,0.0,0.0000
human_compact_tile_006,Human compact tile 006,53,HCT006_ClearCellBoundary_043,GT Clear cell boundary,,599.0,498.8,421.9,,,,,0.0,0.0000
human_compact_tile_006,Human compact tile 006,54,HCT006_CompactCellBoundary_011,GT Compact cell boundary,,874.0,156.5,430.4,,,,,0.0,0.0000
human_compact_tile_006,Human compact tile 006,55,HCT006_ClearCellBoundary_044,GT Clear cell boundary,,5096.0,261.3,474.6,,,,,0.0,0.0000
human_compact_tile_006,Human compact tile 006,56,HCT006_ClearCellBoundary_045,GT Clear cell boundary,,4065.0,348.4,476.8,,,,,0.0,0.0000
human_compact_tile_006,Human compact tile 006,57,HCT006_ClearCellBoundary_046,GT Clear cell boundary,,1365.0,27.3,451.2,,,,,0.0,0.0000
human_compact_tile_006,Human compact tile 006,58,HCT006_ClearCellBoundary_047,GT Clear cell boundary,,588.0,202.6,454.5,,,,,0.0,0.0000
human_compact_tile_006,Human compact tile 006,59,HCT006_ClearCellBoundary_048,GT Clear cell boundary,,4013.0,421.3,481.0,,,,,0.0,0.0000
